ID,height,width
1_20130812_132022_l_カラー眼底.png,1312,2000
1_20130812_132022_r_カラー眼底.png,1312,2000
2_20130225_104034_r_カラー眼底.png,1024,1360
2_20130225_104034_l_カラー眼底.png,1024,1360
3_20180417_115422_r_カラー眼底.png,2448,3696
3_20180417_115422_l_カラー眼底.png,2448,3696
4_20140811_112352_l_カラー眼底.png,2448,3696
4_20140811_112352_r_カラー眼底.png,2448,3696
6_20140929_114016_l_カラー眼底.png,2448,3696
6_20140929_114016_r_カラー眼底.png,2448,3696
7_20130415_142417_l_カラー眼底.png,1024,1360
7_20130415_142417_r_カラー眼底.png,1024,1360
9_20130701_143135_r_カラー眼底.png,1312,2000
9_20130701_143135_l_カラー眼底.png,1312,2000
12_20140527_094948_l_カラー眼底.png,1312,2000
12_20140527_094948_r_カラー眼底.png,1312,2000
13_20131111_l_カラー眼底.png,1312,2000
13_20131111_r_カラー眼底.png,1024,1360
14_20130718_115918_r_カラー眼底.png,1312,2000
14_20130718_115918_l_カラー眼底.png,1312,2000
15_20130805_153729_r_カラー眼底.png,1312,2000
15_20130805_153729_l_カラー眼底.png,1312,2000
16_20130218_110216_r_カラー眼底.png,1024,1360
16_20130218_110216_l_カラー眼底.png,1024,1360
18_20130107_164603_r_カラー眼底.png,1024,1360
18_20130107_164603_l_カラー眼底.png,1024,1360
19_20140527_113953_l_カラー眼底.png,1024,1360
19_20130528_115615_r_カラー眼底.png,1024,1360
19_20140527_113953_r_カラー眼底_001.png,1024,1360
19_20130528_115615_l_カラー眼底.png,1024,1360
20_20151109_113031_l_カラー眼底.png,2448,3696
20_20151109_113031_r_カラー眼底.png,2448,3696
21_20121217_153320_l_カラー眼底.png,1024,1360
21_20121217_153320_r_カラー眼底.png,1024,1360
22_20120409_091834_l_カラー眼底.png,1312,2000
22_20120409_091834_r_カラー眼底.png,1312,2000
23_20130121_101038_r_カラー眼底.png,1312,2000
23_20130121_101038_l_カラー眼底.png,1312,2000
24_20140901_101428_l_カラー眼底.png,2448,3696
25_20130930_110217_l_カラー眼底.png,1024,1360
25_20130930_110217_r_カラー眼底.png,1024,1360
29_20130318_141509_l_カラー眼底.png,1024,1360
29_20130318_141509_r_カラー眼底.png,1024,1360
30_20121210_143935_r_カラー眼底.png,1024,1360
30_20121210_143935_l_カラー眼底.png,1024,1360
32_20120625_093007_l_カラー眼底.png,1312,2000
32_20120625_093007_r_カラー眼底.png,1312,2000
32_20130729_115621_l_カラー眼底.png,1312,2000
32_20130729_115621_r_カラー眼底.png,1312,2000
33_20130225_145634_l_カラー眼底.png,1024,1360
33_20130225_145634_r_カラー眼底.png,1024,1360
34_20130527_102633_r_カラー眼底.png,1312,2000
34_20130527_102633_l_カラー眼底.png,1312,2000
36_20150406_160818_r_カラー眼底.png,2448,3696
36_20130204_160103_l_カラー眼底.png,1024,1360
36_20140701_102303_r_カラー眼底.png,1312,2000
36_20140701_102303_l_カラー眼底.png,1312,2000
36_20130204_160103_r_カラー眼底.png,1024,1360
36_20150406_160818_l_カラー眼底.png,2448,3696
36_20130702_123842_r_カラー眼底.png,1024,1360
36_20130702_123842_l_カラー眼底.png,1024,1360
37_20130603_130443_r_カラー眼底.png,1312,2000
37_20130603_130443_l_カラー眼底.png,1312,2000
38_20130823_154740_r_カラー眼底.png,1312,2000
38_20130823_154740_l_カラー眼底.png,1312,2000
39_20140224_142108_r_カラー眼底.png,1024,1360
39_20140224_142108_l_カラー眼底.png,1024,1360
40_20130930_123513_l_カラー眼底.png,1312,2000
40_20130930_123513_r_カラー眼底.png,1312,2000
43_20130729_110946_r_カラー眼底.png,1312,2000
43_20130729_110946_l_カラー眼底.png,1312,2000
44_20121217_102105_l_カラー眼底.png,1312,2000
44_20121217_102105_r_カラー眼底.png,1312,2000
46_20130628_094020_r_カラー眼底.png,1312,2000
46_20130628_094020_l_カラー眼底.png,1312,2000
48_20130708_112025_l_カラー眼底.png,1024,1360
48_20130708_112025_r_カラー眼底.png,1024,1360
49_20130603_140952_l_カラー眼底.png,1312,2000
49_20130603_140952_r_カラー眼底.png,1312,2000
50_20130218_094034_l_カラー眼底.png,1312,2000
50_20130218_094034_r_カラー眼底.png,1312,2000
51_20131101_112246_r_カラー眼底.png,1024,1360
51_20131101_112246_l_カラー眼底.png,1024,1360
52_20140106_093748_r_カラー眼底.png,1312,2000
52_20140106_093748_l_カラー眼底.png,1312,2000
52_20121217_132406_l_カラー眼底.png,1312,2000
52_20121217_132406_r_カラー眼底.png,1312,2000
53_20140908_130232_r_カラー眼底.png,2448,3696
53_20140908_130232_l_カラー眼底.png,2448,3696
54_20130225_145840_l_カラー眼底.png,1024,1360
54_20130225_145840_r_カラー眼底.png,1024,1360
55_20130204_110235_r_カラー眼底.png,1312,2000
55_20130204_110235_l_カラー眼底.png,1312,2000
56_20130610_104809_r_カラー眼底.png,1312,2000
56_20130610_104809_l_カラー眼底.png,1312,2000
57_20130401_113155_l_カラー眼底.png,1312,2000
57_20130401_113155_r_カラー眼底.png,1312,2000
58_20130610_131008_l_カラー眼底.png,1024,1360
58_20130610_131008_r_カラー眼底.png,1024,1360
59_20130401_115415_r_カラー眼底.png,1312,2000
59_20130401_115415_l_カラー眼底.png,1312,2000
59_20120903_114828_l_カラー眼底.png,1024,1360
59_20120903_114828_r_カラー眼底.png,1024,1360
60_20150127_120023_r_カラー眼底.png,2448,3696
60_20150127_120023_l_カラー眼底.png,2448,3696
61_20160216_100926_r_カラー眼底.png,2448,3696
61_20160216_100926_l_カラー眼底.png,2448,3696
62_20141006_142738_l_カラー眼底.png,2448,3696
62_20141006_142738_r_カラー眼底.png,2448,3696
63_20220412_130501_l_カラー眼底.png,2448,3696
63_20211026_135316_r_カラー眼底.png,2448,3696
63_20130415_112746_r_カラー眼底.png,1024,1360
63_20220412_130501_r_カラー眼底.png,2448,3696
63_20130415_112746_l_カラー眼底.png,1024,1360
63_20211026_135316_l_カラー眼底.png,2448,3696
64_20140728_113045_l_カラー眼底.png,2448,3696
64_20140728_113045_r_カラー眼底.png,2448,3696
67_20140609_152906_r_カラー眼底.png,1312,2000
67_20140609_152906_l_カラー眼底.png,1312,2000
69_20130603_111942_r_カラー眼底.png,1312,2000
69_20130603_111942_l_カラー眼底.png,1312,2000
71_20140519_124321_r_カラー眼底.png,1312,2000
71_20140519_124321_l_カラー眼底.png,1312,2000
72_20130408_104155_r_カラー眼底.png,1024,1360
72_20130408_104155_l_カラー眼底.png,1024,1360
73_20140825_110602_r_カラー眼底.png,2448,3696
74_20140707_102254_l_カラー眼底.png,1312,2000
74_20140707_102254_r_カラー眼底.png,1312,2000
75_20140901_103738_r_カラー眼底.png,2448,3696
75_20140901_103738_l_カラー眼底.png,2448,3696
76_20140227_153036_l_カラー眼底.png,1024,1360
76_20140227_153036_r_カラー眼底.png,1024,1360
78_20140616_101707_r_カラー眼底.png,1312,2000
78_20140616_101707_l_カラー眼底.png,1312,2000
79_20130722_114122_r_カラー眼底.png,1312,2000
79_20130722_114122_l_カラー眼底.png,1312,2000
80_20131118_095032_r_カラー眼底.png,1312,2000
80_20131118_095032_l_カラー眼底.png,1312,2000
81_20150622_143855_l_カラー眼底.png,2448,3696
81_20150622_143855_r_カラー眼底.png,2448,3696
82_20130624_144422_r_カラー眼底.png,1312,2000
82_20130624_144422_l_カラー眼底.png,1312,2000
83_20151102_135811_l_カラー眼底.png,2448,3696
83_20151102_135811_r_カラー眼底.png,2448,3696
84_20130617_113548_r_カラー眼底.png,1312,2000
84_20130617_113548_l_カラー眼底.png,1312,2000
85_20140106_140035_l_カラー眼底.png,1312,2000
85_20140106_140035_r_カラー眼底.png,1312,2000
86_20130415_141626_r_カラー眼底.png,1024,1360
86_20130415_141626_l_カラー眼底.png,1024,1360
87_20140728_153839_r_カラー眼底.png,2448,3696
87_20140728_153839_l_カラー眼底.png,2448,3696
88_20140821_153259_l_カラー眼底.png,2448,3696
88_20140821_153259_r_カラー眼底.png,2448,3696
89_20130107_093120_l_カラー眼底.png,1312,2000
89_20130107_093120_r_カラー眼底.png,1312,2000
90_20130805_130945_l_カラー眼底.png,1312,2000
90_20130805_130945_r_カラー眼底.png,1312,2000
92_20121029_101210_l_カラー眼底.png,1312,2000
92_20121029_101210_r_カラー眼底.png,1312,2000
93_20150216_145848_r_カラー眼底.png,2448,3696
94_20140908_151247_l_カラー眼底.png,2448,3696
94_20140908_151247_r_カラー眼底.png,2448,3696
95_20140519_100436_r_カラー眼底.png,1312,2000
95_20140519_100436_l_カラー眼底.png,1312,2000
96_20130304_150425_r_カラー眼底.png,1312,2000
96_20130304_150425_l_カラー眼底.png,1312,2000
97_20180417_120257_l_カラー眼底.png,2448,3696
97_20180417_120257_r_カラー眼底.png,2448,3696
97_20130225_155025_r_カラー眼底.png,1024,1360
97_20130225_155025_l_カラー眼底.png,1024,1360
99_20120615_121645_l_カラー眼底.png,1024,1360
99_20120615_121645_r_カラー眼底.png,1024,1360
100_20130204_110843_l_カラー眼底.png,1312,2000
100_20130204_110843_r_カラー眼底.png,1312,2000
101_20050905_134530_r_カラー眼底.png,1312,2000
101_20050905_134530_l_カラー眼底.png,1312,2000
101_20120702_130425_l_カラー眼底.png,1312,2000
101_20120702_130425_r_カラー眼底.png,1312,2000
103_20180124_110133_r_カラー眼底.png,2448,3696
103_20130930_143313_r_カラー眼底.png,1312,2000
103_20130930_143313_l_カラー眼底.png,1312,2000
103_20171010_112603_l_カラー眼底.png,2448,3696
103_20171010_112603_r_カラー眼底.png,2448,3696
103_20180124_110133_l_カラー眼底.png,2448,3696
104_20130128_131050_r_カラー眼底.png,1024,1360
104_20130128_131050_l_カラー眼底.png,1024,1360
105_20141006_102817_r_カラー眼底.png,2448,3696
105_20141006_102817_l_カラー眼底.png,2448,3696
106_20130722_105250_r_カラー眼底.png,1312,2000
106_20130722_105250_l_カラー眼底.png,1312,2000
107_20130401_101544_r_カラー眼底.png,1024,1360
107_20130401_101544_l_カラー眼底.png,1024,1360
108_20210921_144410_r_カラー眼底.png,2448,3696
108_20130701_151147_l_カラー眼底.png,1024,1360
108_20210921_144410_l_カラー眼底.png,2448,3696
108_20130701_151147_r_カラー眼底.png,1024,1360
109_20130708_102317_r_カラー眼底.png,1312,2000
109_20130708_102317_l_カラー眼底.png,1312,2000
110_20130527_123130_l_カラー眼底.png,1312,2000
110_20130527_123130_r_カラー眼底.png,1312,2000
111_20120528_165952_r_カラー眼底.png,1312,2000
111_20120528_165952_l_カラー眼底.png,1312,2000
112_20130805_162824_l_カラー眼底.png,1312,2000
112_20130805_162824_r_カラー眼底.png,1312,2000
113_20130617_145724_r_カラー眼底.png,1024,1360
113_20130617_145724_l_カラー眼底.png,1024,1360
114_20140421_160326_l_カラー眼底.png,1024,1360
114_20140421_160326_r_カラー眼底.png,1024,1360
116_20150907_124947_r_カラー眼底.png,2448,3696
117_20130930_160728_l_カラー眼底.png,1024,1360
117_20130930_160728_r_カラー眼底.png,1024,1360
118_20130318_093752_l_カラー眼底.png,1312,2000
118_20130318_093752_r_カラー眼底.png,1312,2000
119_20130422_105746_r_カラー眼底.png,1312,2000
119_20130422_105746_l_カラー眼底.png,1312,2000
120_20130408_102523_l_カラー眼底.png,1312,2000
120_20130408_102523_r_カラー眼底.png,1312,2000
121_20130520_094250_l_カラー眼底.png,1024,1360
121_20130520_094250_r_カラー眼底.png,1024,1360
123_20130311_120438_l_カラー眼底.png,1024,1360
123_20130311_120438_r_カラー眼底.png,1024,1360
124_20130805_101251_r_カラー眼底.png,1312,2000
124_20130805_101251_l_カラー眼底.png,1312,2000
125_20130401_155239_l_カラー眼底.png,1024,1360
125_20130401_155239_r_カラー眼底.png,1024,1360
126_20130218_152642_l_カラー眼底.png,1024,1360
126_20130218_152642_r_カラー眼底.png,1024,1360
128_20141222_151723_l_カラー眼底.png,2448,3696
128_20141222_151723_r_カラー眼底.png,2448,3696
130_20130812_113256_l_カラー眼底.png,1024,1360
130_20130812_113256_r_カラー眼底.png,1024,1360
131_20130225_122809_l_カラー眼底.png,1312,2000
131_20130225_122809_r_カラー眼底.png,1312,2000
132_20130422_105014_r_カラー眼底.png,1312,2000
132_20130422_105014_l_カラー眼底.png,1312,2000
135_20140623_115000_l_カラー眼底.png,1312,2000
135_20140623_115000_r_カラー眼底.png,1312,2000
138_20121210_105105_l_カラー眼底.png,1024,1360
138_20121210_105105_r_カラー眼底.png,1024,1360
139_20130805_141109_r_カラー眼底.png,1312,2000
139_20130805_141109_l_カラー眼底.png,1312,2000
140_20120618_103619_r_カラー眼底.png,1312,2000
140_20120618_103619_l_カラー眼底.png,1312,2000
141_20150413_140044_r_カラー眼底.png,2448,3696
141_20140422_151212_r_カラー眼底.png,1312,2000
141_20150413_140044_l_カラー眼底.png,2448,3696
141_20140422_151212_l_カラー眼底.png,1312,2000
142_20121119_113820_r_カラー眼底.png,1312,2000
142_20121119_113820_l_カラー眼底.png,1312,2000
143_20130204_132609_r_カラー眼底.png,1312,2000
143_20130204_132609_l_カラー眼底.png,1312,2000
144_20140731_130608_l_カラー眼底.png,2448,3696
144_20100510_112230_r_カラー眼底.png,1312,2000
144_20140731_130608_r_カラー眼底.png,2448,3696
146_20130610_154815_l_カラー眼底.png,1024,1360
146_20130610_154815_r_カラー眼底.png,1024,1360
147_20130401_143702_l_カラー眼底.png,1024,1360
147_20130401_143702_r_カラー眼底.png,1024,1360
149_20141027_123807_r_カラー眼底.png,2448,3696
149_20141027_123807_l_カラー眼底.png,2448,3696
150_20150217_104842_l_カラー眼底.png,2448,3696
150_20220404_100851_r_カラー眼底.png,2448,3696
150_20150217_104842_r_カラー眼底.png,2448,3696
150_20220404_100851_l_カラー眼底.png,2448,3696
152_20151102_142138_l_カラー眼底.png,2448,3696
152_20151102_142138_r_カラー眼底.png,2448,3696
153_20130708_131005_l_カラー眼底.png,1024,1360
153_20130708_131005_r_カラー眼底.png,1024,1360
154_20150330_110019_r_カラー眼底.png,2448,3696
154_20150330_110019_l_カラー眼底.png,2448,3696
155_20140310_140535_l_カラー眼底.png,1312,2000
155_20140310_140535_r_カラー眼底.png,1312,2000
156_20130513_150850_l_カラー眼底.png,1024,1360
156_20130513_150850_r_カラー眼底.png,1024,1360
156_20181109_120120_l_カラー眼底_001.png,2448,3696
156_20181109_120120_r_カラー眼底_001.png,2448,3696
157_20121119_110825_l_カラー眼底.png,1024,1360
157_20121119_110825_r_カラー眼底.png,1024,1360
157_20190226_105558_r_カラー眼底.png,2448,3696
157_20190226_105558_l_カラー眼底.png,2448,3696
158_20121105_105156_r_カラー眼底.png,1312,2000
158_20121105_105156_l_カラー眼底.png,1312,2000
159_20120409_141901_r_カラー眼底.png,1312,2000
159_20120409_141901_l_カラー眼底.png,1312,2000
160_20130805_151220_l_カラー眼底.png,1024,1360
160_20130805_151220_r_カラー眼底.png,1024,1360
161_20130729_115142_r_カラー眼底.png,1312,2000
161_20130729_115142_l_カラー眼底.png,1312,2000
162_20130218_113614_r_カラー眼底.png,1312,2000
162_20130218_113614_l_カラー眼底.png,1312,2000
163_20141208_141427_l_カラー眼底.png,2448,3696
163_20141208_141427_r_カラー眼底.png,2448,3696
165_20120327_112943_l_カラー眼底.png,1312,2000
165_20120327_112943_r_カラー眼底.png,1312,2000
166_20130527_121210_l_カラー眼底.png,1312,2000
166_20130527_121210_r_カラー眼底.png,1312,2000
167_20180417_110443_l_カラー眼底.png,2448,3696
167_20131010_091943_l_カラー眼底.png,1312,2000
167_20131010_091943_r_カラー眼底.png,1312,2000
167_20180417_110443_r_カラー眼底.png,2448,3696
168_20130610_150001_l_カラー眼底.png,1312,2000
168_20130610_150001_r_カラー眼底.png,1312,2000
170_20131111_093542_l_カラー眼底.png,1312,2000
170_20131111_093542_r_カラー眼底.png,1312,2000
173_20130805_115621_l_カラー眼底.png,1312,2000
173_20130805_115621_r_カラー眼底.png,1312,2000
174_20140512_123728_r_カラー眼底.png,1312,2000
174_20140512_123728_l_カラー眼底.png,1312,2000
175_20140922_104159_r_カラー眼底.png,2448,3696
175_20140922_104159_l_カラー眼底.png,2448,3696
176_20140623_095027_r_カラー眼底.png,1024,1360
176_20140623_095027_l_カラー眼底.png,1024,1360
178_20150525_093217_r_カラー眼底.png,2448,3696
178_20150525_093217_l_カラー眼底.png,2448,3696
179_20150223_100122_l_カラー眼底.png,2448,3696
179_20150223_100122_r_カラー眼底.png,2448,3696
180_20140519_115304_l_カラー眼底.png,1312,2000
180_20140519_115304_r_カラー眼底.png,1312,2000
181_20121022_094503_l_カラー眼底.png,1024,1360
181_20130422_101549_l_カラー眼底.png,1312,2000
181_20130422_101549_r_カラー眼底.png,1312,2000
181_20121022_094503_r_カラー眼底.png,1024,1360
182_20130218_115626_r_カラー眼底.png,1312,2000
182_20130218_115626_l_カラー眼底.png,1312,2000
183_20140804_143402_l_カラー眼底.png,2448,3696
183_20140804_143402_r_カラー眼底.png,2448,3696
186_20130624_131057_l_カラー眼底.png,1312,2000
186_20130624_131057_r_カラー眼底.png,1312,2000
187_20130204_115510_r_カラー眼底.png,1312,2000
187_20130204_115510_l_カラー眼底.png,1312,2000
188_20130304_102627_l_カラー眼底.png,1312,2000
188_20130304_102627_r_カラー眼底.png,1312,2000
189_20150706_101830_r_カラー眼底.png,2448,3696
189_20150706_101830_l_カラー眼底.png,2448,3696
191_20130225_112734_r_カラー眼底.png,1024,1360
191_20130225_112734_l_カラー眼底.png,1024,1360
193_20140929_112828_l_カラー眼底.png,2448,3696
193_20140929_112828_r_カラー眼底.png,2448,3696
194_20130603_121329_l_カラー眼底.png,1312,2000
194_20130603_121329_r_カラー眼底.png,1312,2000
195_20130930_114450_l_カラー眼底.png,1312,2000
195_20130930_114450_r_カラー眼底.png,1312,2000
196_20121217_144904_r_カラー眼底.png,1312,2000
196_20150316_103458_r_カラー眼底.png,2448,3696
196_20150316_103458_l_カラー眼底.png,2448,3696
196_20121217_144904_l_カラー眼底.png,1312,2000
198_20130729_131748_r_カラー眼底.png,1312,2000
198_20130729_131748_l_カラー眼底.png,1312,2000
199_20130826_164425_l_カラー眼底.png,1024,1360
199_20130826_164425_r_カラー眼底.png,1024,1360
201_20130225_144144_l_カラー眼底.png,1312,2000
201_20130225_144144_r_カラー眼底.png,1312,2000
202_20130415_115124_l_カラー眼底.png,1312,2000
202_20130415_115124_r_カラー眼底.png,1312,2000
204_20140602_111751_l_カラー眼底.png,1024,1360
204_20140602_111751_r_カラー眼底.png,1024,1360
206_20141201_125958_l_カラー眼底.png,2448,3696
206_20141201_125958_r_カラー眼底.png,2448,3696
206_20130401_122357_r_カラー眼底.png,1312,2000
206_20130401_122357_l_カラー眼底.png,1312,2000
207_20210702_132657_l_カラー眼底.png,2448,3696
207_20130902_111936_l_カラー眼底_001.png,1024,1360
207_20210702_132657_r_カラー眼底.png,2448,3696
207_20130902_111936_r_カラー眼底.png,1024,1360
209_20130218_141917_r_カラー眼底.png,1312,2000
209_20130218_141917_l_カラー眼底.png,1312,2000
210_20150427_170515_l_カラー眼底.png,2448,3696
210_20150427_170515_r_カラー眼底.png,2448,3696
211_20130520_145223_r_カラー眼底.png,1024,1360
211_20130520_145223_l_カラー眼底.png,1024,1360
212_20130318_123705_l_カラー眼底.png,1312,2000
212_20130318_123705_r_カラー眼底.png,1312,2000
214_20130121_163340_r_カラー眼底.png,1024,1360
214_20130121_163340_l_カラー眼底.png,1024,1360
216_20130422_124301_l_カラー眼底.png,1312,2000
216_20130422_124301_r_カラー眼底.png,1312,2000
217_20140609_114643_r_カラー眼底.png,1312,2000
217_20140609_114643_l_カラー眼底.png,1312,2000
218_20140818_131708_l_カラー眼底.png,2448,3696
218_20140818_131708_r_カラー眼底.png,2448,3696
219_20130408_131249_l_カラー眼底.png,1024,1360
219_20130408_131249_r_カラー眼底.png,1024,1360
220_20150407_112954_r_カラー眼底.png,2448,3696
220_20140509_113848_l_カラー眼底.png,1024,1360
220_20130507_105407_r_カラー眼底.png,1024,1360
220_20121203_145737_l_カラー眼底.png,1024,1360
220_20220520_122515_l_カラー眼底.png,2448,3696
220_20150407_112954_l_カラー眼底.png,2448,3696
220_20140509_113616_r_カラー眼底_001.png,1024,1360
220_20121203_145737_r_カラー眼底_001.png,1024,1360
220_20220520_122515_r_カラー眼底.png,2448,3696
220_20130507_105407_l_カラー眼底.png,1024,1360
221_20120521_095100_l_カラー眼底.png,1312,2000
222_20150413_095425_l_カラー眼底.png,2448,3696
222_20150413_095425_r_カラー眼底.png,2448,3696
223_20130401_123612_l_カラー眼底.png,1312,2000
223_20130401_123612_r_カラー眼底.png,1312,2000
224_20130701_112728_l_カラー眼底.png,1024,1360
224_20130701_112728_r_カラー眼底.png,1024,1360
225_20081031_111757_l_カラー眼底.png,872,1200
225_20130422_151950_r_カラー眼底.png,1024,1360
225_20081031_111757_r_カラー眼底.png,872,1200
225_20130422_151950_l_カラー眼底.png,1024,1360
226_20130617_112519_l_カラー眼底.png,1312,2000
226_20130617_112519_r_カラー眼底.png,1312,2000
229_20130603_125722_r_カラー眼底.png,1312,2000
229_20130603_125722_l_カラー眼底.png,1312,2000
230_20220426_143333_l_カラー眼底.png,2448,3696
230_20220426_143333_r_カラー眼底.png,2448,3696
230_20130408_103151_l_カラー眼底_001.png,1312,2000
230_20130408_103151_r_カラー眼底_001.png,1312,2000
232_20130722_135431_r_カラー眼底.png,1312,2000
232_20130722_135431_l_カラー眼底.png,1312,2000
233_20130408_143008_l_カラー眼底.png,1024,1360
233_20130408_143008_r_カラー眼底.png,1024,1360
234_20121203_114939_l_カラー眼底.png,1024,1360
234_20121203_114650_r_カラー眼底.png,1024,1360
236_20131021_145731_r_カラー眼底.png,1024,1360
236_20131021_145731_l_カラー眼底.png,1024,1360
237_20140526_101742_l_カラー眼底.png,1312,2000
237_20140526_101742_r_カラー眼底.png,1312,2000
238_20121203_143632_r_カラー眼底.png,1024,1360
238_20121203_143632_l_カラー眼底.png,1024,1360
239_20121022_141338_l_カラー眼底.png,1312,2000
239_20121022_141338_r_カラー眼底.png,1312,2000
240_20130826_140346_l_カラー眼底.png,1024,1360
240_20130826_140346_r_カラー眼底.png,1024,1360
241_20140819_142655_l_カラー眼底.png,2448,3696
241_20140819_142655_r_カラー眼底.png,2448,3696
242_20160331_121116_l_カラー眼底.png,2448,3696
242_20160331_121116_r_カラー眼底.png,2448,3696
243_20150330_132313_r_カラー眼底.png,2448,3696
243_20150330_132313_l_カラー眼底.png,2448,3696
244_20130603_131036_r_カラー眼底.png,1312,2000
244_20130603_131036_l_カラー眼底.png,1312,2000
245_20130527_115246_r_カラー眼底.png,1312,2000
245_20130527_115246_l_カラー眼底.png,1312,2000
246_20121203_164746_r_カラー眼底.png,1312,2000
246_20121203_164746_l_カラー眼底.png,1312,2000
247_20130304_145000_r_カラー眼底.png,1312,2000
247_20130304_145000_l_カラー眼底.png,1312,2000
248_20130204_145251_l_カラー眼底.png,1312,2000
248_20130204_145251_r_カラー眼底.png,1312,2000
249_20140811_105707_l_カラー眼底.png,2448,3696
249_20140811_105707_r_カラー眼底.png,2448,3696
251_20130218_151722_r_カラー眼底.png,1024,1360
251_20130218_151722_l_カラー眼底.png,1024,1360
254_20130311_110147_r_カラー眼底.png,1312,2000
254_20150515_115840_l_カラー眼底.png,2448,3696
254_20130311_110147_l_カラー眼底.png,1312,2000
254_20150515_115840_r_カラー眼底.png,2448,3696
255_20130121_125642_l_カラー眼底.png,1312,2000
255_20130121_125642_r_カラー眼底.png,1312,2000
256_20140616_150336_r_カラー眼底.png,1312,2000
256_20140616_150336_l_カラー眼底.png,1312,2000
257_20130422_152638_r_カラー眼底.png,1312,2000
257_20130422_152638_l_カラー眼底.png,1312,2000
258_20130218_120112_r_カラー眼底.png,1312,2000
258_20130218_120112_l_カラー眼底.png,1312,2000
259_20140623_112623_r_カラー眼底.png,1312,2000
259_20140623_112623_l_カラー眼底.png,1312,2000
260_20141006_102241_r_カラー眼底.png,2448,3696
260_20141006_102241_l_カラー眼底.png,2448,3696
261_20130415_120012_r_カラー眼底.png,1312,2000
261_20130415_120012_l_カラー眼底.png,1312,2000
262_20140616_132244_l_カラー眼底.png,1312,2000
262_20140616_132244_r_カラー眼底.png,1312,2000
263_20141020_112115_l_カラー眼底.png,2448,3696
263_20141020_112115_r_カラー眼底.png,2448,3696
265_20130401_141323_r_カラー眼底.png,1024,1360
265_20130401_141323_l_カラー眼底.png,1024,1360
266_20130318_115452_l_カラー眼底.png,1312,2000
266_20180423_102158_l_カラー眼底.png,2448,3696
266_20180423_102158_r_カラー眼底.png,2448,3696
266_20130318_115452_r_カラー眼底.png,1312,2000
267_20130520_143748_l_カラー眼底.png,1312,2000
267_20130520_143748_r_カラー眼底.png,1312,2000
268_20110915_121012_l_カラー眼底.png,1024,1360
268_20130415_150713_r_カラー眼底.png,1024,1360
268_20110915_121012_r_カラー眼底.png,1024,1360
268_20130415_150713_l_カラー眼底.png,1024,1360
269_20150126_162759_l_カラー眼底.png,2448,3696
269_20140616_145946_l_カラー眼底.png,1312,2000
269_20140616_145946_r_カラー眼底.png,1312,2000
269_20150126_162759_r_カラー眼底.png,2448,3696
270_20120730_132949_r_カラー眼底.png,1312,2000
270_20140908_113106_l_カラー眼底.png,2448,3696
270_20190924_132642_l_カラー眼底.png,2448,3696
270_20140908_113106_r_カラー眼底.png,2448,3696
270_20120730_132949_l_カラー眼底.png,1312,2000
270_20190924_132642_r_カラー眼底.png,2448,3696
271_20140609_142539_l_カラー眼底.png,1024,1360
271_20140609_142539_r_カラー眼底.png,1024,1360
272_20141117_110719_r_カラー眼底.png,2448,3696
272_20141117_110719_l_カラー眼底.png,2448,3696
274_20130419_111805_l_カラー眼底.png,1312,2000
274_20150320_112222_r_カラー眼底.png,2448,3696
274_20140418_120209_r_カラー眼底.png,1312,2000
274_20130107_170718_l_カラー眼底.png,1024,1360
274_20130107_170718_r_カラー眼底.png,1024,1360
274_20140418_120209_l_カラー眼底.png,1312,2000
274_20130419_111805_r_カラー眼底.png,1312,2000
274_20150320_112222_l_カラー眼底.png,2448,3696
275_20140310_122337_l_カラー眼底.png,1312,2000
275_20140310_122337_r_カラー眼底.png,1312,2000
276_20130531_160452_l_カラー眼底.png,1024,1360
276_20130531_160452_r_カラー眼底.png,1024,1360
277_20120903_164032_r_カラー眼底.png,1312,2000
277_20120806_094657_r_カラー眼底.png,1312,2000
277_20120806_094657_l_カラー眼底.png,1312,2000
277_20120903_164032_l_カラー眼底.png,1312,2000
278_20140811_110654_l_カラー眼底.png,2448,3696
278_20140811_110654_r_カラー眼底.png,2448,3696
279_20130527_155255_l_カラー眼底.png,1312,2000
279_20130527_155255_r_カラー眼底.png,1312,2000
281_20130805_171301_l_カラー眼底.png,1024,1360
281_20130805_171301_r_カラー眼底.png,1024,1360
282_20141006_120452_r_カラー眼底.png,2448,3696
282_20141006_120452_l_カラー眼底.png,2448,3696
283_20130116_100204_r_カラー眼底.png,1312,2000
283_20130116_100204_l_カラー眼底.png,1312,2000
284_20130121_110753_l_カラー眼底.png,1312,2000
284_20130121_110753_r_カラー眼底.png,1312,2000
285_20120723_121547_l_カラー眼底.png,1312,2000
285_20120723_121547_r_カラー眼底.png,1312,2000
286_20120828_133926_r_カラー眼底.png,1312,2000
286_20120828_133926_l_カラー眼底.png,1312,2000
286_20150804_092257_l_カラー眼底.png,2448,3696
286_20150804_092257_r_カラー眼底.png,2448,3696
287_20121016_120759_l_カラー眼底.png,1312,2000
287_20121016_120759_r_カラー眼底.png,1312,2000
288_20121029_130701_l_カラー眼底.png,1312,2000
288_20121029_130701_r_カラー眼底.png,1312,2000
289_20121220_093223_r_カラー眼底.png,1312,2000
289_20121220_093223_l_カラー眼底.png,1312,2000
290_20150119_124518_r_カラー眼底.png,2448,3696
290_20150119_124518_l_カラー眼底.png,2448,3696
291_20130118_095222_l_カラー眼底.png,1312,2000
291_20130118_095222_r_カラー眼底.png,1312,2000
292_20130426_153453_r_カラー眼底.png,1024,1360
292_20140422_130059_l_カラー眼底.png,1312,2000
292_20150421_125031_l_カラー眼底.png,2448,3696
292_20130226_145134_r_カラー眼底.png,1312,2000
292_20140422_130059_r_カラー眼底.png,1312,2000
292_20130426_153453_l_カラー眼底.png,1024,1360
292_20130226_145134_l_カラー眼底.png,1312,2000
292_20150421_125031_r_カラー眼底.png,2448,3696
293_20181210_144629_r_カラー眼底.png,2448,3696
293_20181210_144629_l_カラー眼底.png,2448,3696
294_20150105_133537_r_カラー眼底.png,2448,3696
294_20150105_133537_l_カラー眼底.png,2448,3696
295_20130617_141414_r_カラー眼底.png,1312,2000
295_20130617_141414_l_カラー眼底.png,1312,2000
296_20130606_155630_r_カラー眼底.png,1312,2000
296_20130606_155630_l_カラー眼底.png,1312,2000
297_20130716_144145_l_カラー眼底.png,1312,2000
298_20130628_162632_r_カラー眼底.png,1312,2000
298_20130628_162632_l_カラー眼底.png,1312,2000
301_20130920_122340_l_カラー眼底.png,1312,2000
301_20130920_122340_r_カラー眼底.png,1312,2000
302_20140227_131312_l_カラー眼底.png,1312,2000
302_20140227_131312_r_カラー眼底.png,1312,2000
303_20140807_091042_l_カラー眼底.png,2448,3696
303_20140807_091042_r_カラー眼底.png,2448,3696
304_20140627_133856_r_カラー眼底.png,1024,1360
304_20140627_133856_l_カラー眼底.png,1024,1360
305_20140725_155439_r_カラー眼底.png,2448,3696
305_20140725_155439_l_カラー眼底.png,2448,3696
306_20141219_131702_r_カラー眼底.png,2448,3696
306_20141219_131702_l_カラー眼底.png,2448,3696
308_20220201_101316_l_カラー眼底.png,2448,3696
308_20211026_105136_r_カラー眼底.png,2448,3696
308_20220201_101316_r_カラー眼底.png,2448,3696
308_20211026_105136_l_カラー眼底.png,2448,3696
309_20150219_131150_l_カラー眼底.png,2448,3696
309_20150219_131150_r_カラー眼底.png,2448,3696
312_20150724_111759_r_カラー眼底.png,2448,3696
312_20150724_111759_l_カラー眼底.png,2448,3696
313_20150820_091452_l_カラー眼底.png,2448,3696
313_20150702_115525_l_カラー眼底.png,2448,3696
313_20150820_091452_r_カラー眼底.png,2448,3696
313_20150702_115525_r_カラー眼底.png,2448,3696
317_20160823_103341_l_カラー眼底.png,2448,3696
317_20160823_103341_r_カラー眼底.png,2448,3696
c1_20130527_151808_r_カラー眼底.png,1312,2000
c2_20190320_151044_r_カラー眼底.png,2448,3696
c3_20220112_110526_l_カラー眼底.png,2448,3696
c4_20211115_143254_l_カラー眼底.png,2448,3696
c6_20181016_155256_l_カラー眼底.png,2448,3696
c7_20170524_155450_l_カラー眼底.png,2448,3696
c8_20180626_141748_l_カラー眼底.png,2448,3696
c9_20120607_153329_l_カラー眼底.png,1312,2000
c10_20210215_140840_l_カラー眼底.png,2448,3696
c11_20210909_110843_r_カラー眼底.png,2448,3696
c12_20160203_150437_l_カラー眼底.png,2448,3696
c13_20200130_163013_r_カラー眼底.png,2448,3696
c14_20160601_142057_l_カラー眼底.png,2448,3696
c15_20160728_152741_l_カラー眼底.png,2448,3696
c16_20161228_100056_l_カラー眼底.png,2448,3696
c17_20170824_145152_l_カラー眼底.png,2448,3696
c18_20171024_141930_r_カラー眼底.png,2448,3696
c19_20180724_103454_l_カラー眼底.png,2448,3696
c20_20190528_155059_l_カラー眼底.png,2448,3696
c21_20210914_125724_r_カラー眼底.png,2448,3696
c22_20200804_171953_r_カラー眼底.png,2448,3696
c23_20200401_111030_r_カラー眼底.png,2448,3696
c24_20200708_113016_l_カラー眼底.png,2448,3696
c25_20201029_132631_l_カラー眼底.png,2448,3696
c26_20210122_112747_l_カラー眼底.png,2448,3696
c27_20220118_111409_l_カラー眼底.png,2448,3696
c28_20210628_140327_l_カラー眼底.png,2448,3696
c29_20211207_165603_l_カラー眼底.png,2448,3696
c30_20211208_115025_r_カラー眼底.png,2448,3696
c31_20220131_152701_r_カラー眼底.png,2448,3696
c32_20220216_140927_l_カラー眼底.png,2448,3696
c33_20220124_133139_l_カラー眼底.png,2448,3696
c34_20220301_123516_l_カラー眼底.png,2448,3696
c35_20220301_123516_r_カラー眼底.png,2448,3696
c36_20220124_133139_r_カラー眼底.png,2448,3696
c37_20130527_151808_l_カラー眼底.png,1312,2000
c38_20200916_101247_l_カラー眼底.png,2448,3696
c39_20211004_163155_r_カラー眼底.png,2448,3696
c40_20211004_163155_r_カラー眼底.png,2448,3696
c41_20181016_155256_r_カラー眼底.png,2448,3696
c42_20121010_134420_r_カラー眼底.png,1312,2000
c43_20121010_134420_l_カラー眼底.png,1312,2000
c44_20200909_102146_r_カラー眼底.png,2448,3696
c45_20160203_150437_r_カラー眼底.png,2448,3696
c46_20160601_142057_r_カラー眼底.png,2448,3696
c47_20160728_152741_r_カラー眼底.png,2448,3696
c48_20170421_110323_l_カラー眼底.png,2448,3696
c49_20170421_110323_r_カラー眼底.png,2448,3696
c50_20170824_145152_r_カラー眼底.png,2448,3696
c51_20191108_154328_l_カラー眼底.png,2448,3696
c52_20210331_094144_r_カラー眼底.png,2448,3696
c53_20210331_094144_l_カラー眼底.png,2448,3696
c54_20190528_155059_r_カラー眼底.png,2448,3696
c55_20200401_111030_l_カラー眼底.png,2448,3696
c56_20200708_113016_r_カラー眼底.png,2448,3696
c57_20220114_154806_l_カラー眼底.png,2448,3696
c58_20220114_154806_r_カラー眼底.png,2448,3696
c59_20210820_110320_r_カラー眼底.png,2448,3696
c60_20210820_110320_l_カラー眼底.png,2448,3696
c61_20210909_110843_l_カラー眼底.png,2448,3696
c62_20171024_141930_l_カラー眼底.png,2448,3696
c63_20180724_103454_r_カラー眼底.png,2448,3696
c64_20191023_115010_r_カラー眼底.png,2448,3696
c65_20200804_171953_l_カラー眼底.png,2448,3696
c66_20210209_215849_r_カラー眼底.png,2448,3696
c67_20201112_163643_r_カラー眼底.png,2448,3696
c68_20210122_112747_r_カラー眼底.png,2448,3696
c69_20210929_111821_r_カラー眼底.png,2448,3696
c70_20211019_162540_r_カラー眼底.png,2448,3696
c71_20220225_145515_l_カラー眼底.png,2448,3696
c72_20220225_145515_r_カラー眼底.png,2448,3696
c73_20220422_163346_r_カラー眼底.png,2448,3696
c74_20220422_163346_l_カラー眼底.png,2448,3696
c75_20210804_164159_r_カラー眼底.png,2448,3696
c76_20210804_164159_l_カラー眼底.png,2448,3696
c77_20220420_154207_l_カラー眼底.png,2448,3696
c78_20220301_131653_r_カラー眼底.png,2448,3696
c79_20220318_134339_r_カラー眼底.png,2448,3696
c80_20220222_122822_r_カラー眼底.png,2448,3696
c81_20220216_140927_r_カラー眼底.png,2448,3696
c82_20220413_113901_l_カラー眼底.png,2448,3696
c83_20210907_124917_l_カラー眼底.png,2448,3696
c84_20210907_124917_r_カラー眼底.png,2448,3696
c85_20210628_140327_r_カラー眼底.png,2448,3696
c86_20210706_131120_l_カラー眼底.png,2448,3696
c87_20210811_130639_l_カラー眼底.png,2448,3696
c88_20211012_115110_r_カラー眼底.png,2448,3696
c89_20211012_115110_l_カラー眼底.png,2448,3696
c90_20211116_123107_r_カラー眼底.png,2448,3696
c91_20211116_123107_l_カラー眼底.png,2448,3696
c92_20211207_165603_r_カラー眼底.png,2448,3696
c93_20211208_115025_l_カラー眼底.png,2448,3696
c94_20211115_143254_r_カラー眼底.png,2448,3696
c95_20181213_100220_r_カラー眼底.png,2448,3696
c96_20181213_100220_l_カラー眼底.png,2448,3696
c97_20160516_113710_r_カラー眼底.png,2448,3696
c98_20160516_113710_l_カラー眼底.png,2448,3696
c99_20210623_124732_r_カラー眼底.png,2448,3696
c100_20200925_151036_l_カラー眼底.png,2448,3696
c101_20210208_161522_l_カラー眼底.png,2448,3696
c102_20220118_111409_r_カラー眼底.png,2448,3696
c103_20211116_120920_r_カラー眼底.png,2448,3696
c104_20211116_120920_l_カラー眼底.png,2448,3696
